<?xml version="1.0" encoding="utf-8"?>
<selector xmlns:android="http://schemas.android.com/apk/res/android">
    <item android:state_pressed="true">
        <shape android:shape="rectangle">

            <solid android:color="#E0E0E0" />
            <stroke android:width="1dp"
                android:color="#E0E0E0"/>
            <corners android:radius="1dp"/>
        </shape>
    </item>

    <item android:state_pressed="false">
        <shape android:shape="rectangle">
            <solid android:color="#FFFFFF" />
            <stroke android:width="1dp"
                android:color="#808DD0"/>

            <corners android:radius="1dp"/>
        </shape>
    </item>
</selector>