<?xml version="1.0" encoding="utf-8"?>
<layer-list xmlns:android="http://schemas.android.com/apk/res/android">
    <item>
        <shape
            android:shape="rectangle">
            <corners
                android:bottomLeftRadius="2dp"
                android:bottomRightRadius="2dp"
                android:topLeftRadius="2dp"
                android:topRightRadius="2dp" />

            <stroke
                android:width="1dp"
                android:color="#D6D9EB"/>
        </shape>
    </item>
    <item android:gravity="center_vertical|right"
        android:right="10dp">
        <layer-list>
            <item  android:gravity="right" android:width="15dp" android:height="9dp" >
                <bitmap android:src="@drawable/bottom_arrow" />
            </item>
        </layer-list>
    </item>
</layer-list>