<?xml version="1.0" encoding="utf-8"?>
<selector xmlns:android="http://schemas.android.com/apk/res/android" >
<item android:state_checked="true">
    <shape>
        <size android:height="40dp" android:width="40dp"/>
        <corners android:radius="20dp"/>

        <gradient android:endColor="#eeeeee" android:startColor="#eeeeee" />
        <stroke android:width="1dp" android:color="#33da33"/>
    </shape>
</item>

<item>
    <shape>
        <size android:height="40dp" android:width="40dp"/>
        <corners android:radius="20dp"/>

        <gradient android:endColor="#eeeeee" android:startColor="#eeeeee" />
        <stroke android:width="1dp" android:color="#666666"/>
    </shape>
</item>
</selector>
